<profile version="1.0">
  <option name="myName" value="Default" />
  <inspection_tool class="DuplicatedCode" enabled="true" level="WEAK WARNING" enabled_by_default="true">
    <Languages>
      <language minSize="406" name="Python" />
    </Languages>
  </inspection_tool>
  <inspection_tool class="PyPackageRequirementsInspection" enabled="true" level="WARNING" enabled_by_default="true">
    <option name="ignoredPackages">
      <value>
        <list size="14">
          <item index="0" class="java.lang.String" itemvalue="tqdm" />
          <item index="1" class="java.lang.String" itemvalue="boto3" />
          <item index="2" class="java.lang.String" itemvalue="botocore" />
          <item index="3" class="java.lang.String" itemvalue="certifi" />
          <item index="4" class="java.lang.String" itemvalue="matplotlib" />
          <item index="5" class="java.lang.String" itemvalue="requests" />
          <item index="6" class="java.lang.String" itemvalue="urllib3" />
          <item index="7" class="java.lang.String" itemvalue="idna" />
          <item index="8" class="java.lang.String" itemvalue="pandas" />
          <item index="9" class="java.lang.String" itemvalue="smart-open" />
          <item index="10" class="java.lang.String" itemvalue="jieba" />
          <item index="11" class="java.lang.String" itemvalue="elasticsearch" />
          <item index="12" class="java.lang.String" itemvalue="pytest" />
          <item index="13" class="java.lang.String" itemvalue="lxml" />
        </list>
      </value>
    </option>
  </inspection_tool>
</profile>