<profile version="1.0">
  <option name="myName" value="Default" />
  <inspection_tool class="DuplicatedCode" enabled="true" level="WEAK WARNING" enabled_by_default="true">
    <Languages>
      <language minSize="406" name="Python" />
    </Languages>
  </inspection_tool>
  <inspection_tool class="Eslint" enabled="true" level="WARNING" enabled_by_default="true" />
  <inspection_tool class="PyPackageRequirementsInspection" enabled="false" level="WARNING" enabled_by_default="false">
    <option name="ignoredPackages">
      <value>
        <list size="23">
          <item index="0" class="java.lang.String" itemvalue="tqdm" />
          <item index="1" class="java.lang.String" itemvalue="boto3" />
          <item index="2" class="java.lang.String" itemvalue="botocore" />
          <item index="3" class="java.lang.String" itemvalue="certifi" />
          <item index="4" class="java.lang.String" itemvalue="matplotlib" />
          <item index="5" class="java.lang.String" itemvalue="requests" />
          <item index="6" class="java.lang.String" itemvalue="urllib3" />
          <item index="7" class="java.lang.String" itemvalue="idna" />
          <item index="8" class="java.lang.String" itemvalue="pandas" />
          <item index="9" class="java.lang.String" itemvalue="smart-open" />
          <item index="10" class="java.lang.String" itemvalue="jieba" />
          <item index="11" class="java.lang.String" itemvalue="elasticsearch" />
          <item index="12" class="java.lang.String" itemvalue="pytest" />
          <item index="13" class="java.lang.String" itemvalue="lxml" />
          <item index="14" class="java.lang.String" itemvalue="fastapi" />
          <item index="15" class="java.lang.String" itemvalue="pydantic" />
          <item index="16" class="java.lang.String" itemvalue="starlette" />
          <item index="17" class="java.lang.String" itemvalue="h11" />
          <item index="18" class="java.lang.String" itemvalue="typing-extensions" />
          <item index="19" class="java.lang.String" itemvalue="MarkupSafe" />
          <item index="20" class="java.lang.String" itemvalue="uvicorn" />
          <item index="21" class="java.lang.String" itemvalue="click" />
          <item index="22" class="java.lang.String" itemvalue="Jinja2" />
        </list>
      </value>
    </option>
  </inspection_tool>
</profile>