<application>
  <component name="Atom Icon Associations Config">
    <option name="customFileAssociations">
      <CustomAssociations>
        <option name="customAssociations">
          <RegexAssociation>
            <option name="matcher" value=".*\.?[dD]ockerfile-(.*)$" />
            <option name="pattern" value=".*\.?[dD]ockerfile-(.*)$" />
            <option name="name" value="Docker-*" />
            <option name="icon" value="/icons/files/docker.svg" />
          </RegexAssociation>
        </option>
      </CustomAssociations>
    </option>
  </component>
</application>