<application>
  <component name="FileTypeManager" version="18">
    <ignoreFiles list="*$py.class;*.pyc;*.pyo;*.rbc;*.yarb;*~;.DS_Store;.git;.hg;.svn;CVS;__pycache__;_svn;vssver.scc;vssver2.scc;" />
    <extensionMap>
      <mapping pattern="Dockerfile-*" type="Dockerfile" />
      <mapping pattern=".pi_queries_singular_group.csv.swp" type="PLAIN_TEXT" />
      <mapping ext="pth" type="PLAIN_TEXT" />
      <removed_mapping ext="txt" approved="true" type="PLAIN_TEXT" />
      <removed_mapping pattern="Dockerfile-1" approved="true" type="Dockerfile" />
      <removed_mapping pattern="Dockerfile-local" approved="true" type="PLAIN_TEXT" />
    </extensionMap>
  </component>
</application>