<application>
  <component name="ProjectJdkTable">
    <jdk version="2">
      <name value="Python 2.7" />
      <type value="Python SDK" />
      <version value="Python 2.7.16" />
      <homePath value="/usr/bin/python2.7" />
      <roots>
        <classPath>
          <root type="composite">
            <root url="file:///System/Library/Frameworks/Python.framework/Versions/2.7/lib/python2.7" type="simple" />
            <root url="file:///System/Library/Frameworks/Python.framework/Versions/2.7/lib/python2.7/plat-darwin" type="simple" />
            <root url="file:///System/Library/Frameworks/Python.framework/Versions/2.7/lib/python2.7/plat-mac" type="simple" />
            <root url="file:///System/Library/Frameworks/Python.framework/Versions/2.7/lib/python2.7/plat-mac/lib-scriptpackages" type="simple" />
            <root url="file:///System/Library/Frameworks/Python.framework/Versions/2.7/lib/python2.7/lib-tk" type="simple" />
            <root url="file:///System/Library/Frameworks/Python.framework/Versions/2.7/lib/python2.7/lib-dynload" type="simple" />
            <root url="file:///Library/Python/2.7/site-packages" type="simple" />
            <root url="file:///System/Library/Frameworks/Python.framework/Versions/2.7/Extras/lib/python" type="simple" />
            <root url="file:///System/Library/Frameworks/Python.framework/Versions/2.7/Extras/lib/python/PyObjC" type="simple" />
            <root url="file://$USER_HOME$/Library/Caches/JetBrains/PyCharm2020.2/python_stubs/-1247972723" type="simple" />
            <root url="file://$APPLICATION_HOME_DIR$/plugins/python/helpers/python-skeletons" type="simple" />
            <root url="file://$APPLICATION_HOME_DIR$/plugins/python/helpers/typeshed/stdlib/2" type="simple" />
            <root url="file://$APPLICATION_HOME_DIR$/plugins/python/helpers/typeshed/stdlib/2and3" type="simple" />
            <root url="file://$APPLICATION_HOME_DIR$/plugins/python/helpers/typeshed/third_party/2" type="simple" />
            <root url="file://$APPLICATION_HOME_DIR$/plugins/python/helpers/typeshed/third_party/2and3" type="simple" />
          </root>
        </classPath>
        <sourcePath>
          <root type="composite" />
        </sourcePath>
      </roots>
      <additional />
    </jdk>
    <jdk version="2">
      <name value="Python 3.8 (base)" />
      <type value="Python SDK" />
      <version value="Python 3.8.3" />
      <homePath value="/opt/miniconda3/bin/python3.8" />
      <roots>
        <classPath>
          <root type="composite">
            <root url="file:///opt/miniconda3/lib/python3.8" type="simple" />
            <root url="file:///opt/miniconda3/lib/python3.8/lib-dynload" type="simple" />
            <root url="file://$USER_HOME$/.local/lib/python3.8/site-packages" type="simple" />
            <root url="file:///opt/miniconda3/lib/python3.8/site-packages" type="simple" />
            <root url="file://$USER_HOME$/Library/Caches/JetBrains/PyCharm2020.2/python_stubs/1673708032" type="simple" />
            <root url="file://$APPLICATION_HOME_DIR$/plugins/python/helpers/python-skeletons" type="simple" />
            <root url="file://$APPLICATION_HOME_DIR$/plugins/python/helpers/typeshed/stdlib/3.7" type="simple" />
            <root url="file://$APPLICATION_HOME_DIR$/plugins/python/helpers/typeshed/stdlib/3" type="simple" />
            <root url="file://$APPLICATION_HOME_DIR$/plugins/python/helpers/typeshed/stdlib/2and3" type="simple" />
            <root url="file://$APPLICATION_HOME_DIR$/plugins/python/helpers/typeshed/third_party/3" type="simple" />
            <root url="file://$APPLICATION_HOME_DIR$/plugins/python/helpers/typeshed/third_party/2and3" type="simple" />
          </root>
        </classPath>
        <sourcePath>
          <root type="composite" />
        </sourcePath>
      </roots>
      <additional ASSOCIATED_PROJECT_PATH="$USER_HOME$/ShopBack/Synonyms Mining" />
    </jdk>
    <jdk version="2">
      <name value="Python 3.6 (orca-crawler)" />
      <type value="Python SDK" />
      <version value="Python 3.6.12" />
      <homePath value="/opt/miniconda3/envs/orca-crawler/bin/python" />
      <roots>
        <classPath>
          <root type="composite">
            <root url="file:///opt/miniconda3/envs/orca-crawler/lib/python3.6" type="simple" />
            <root url="file:///opt/miniconda3/envs/orca-crawler/lib/python3.6/lib-dynload" type="simple" />
            <root url="file:///opt/miniconda3/envs/orca-crawler/lib/python3.6/site-packages" type="simple" />
            <root url="file://$USER_HOME$/Library/Caches/JetBrains/PyCharm2020.3/python_stubs/-1129253477" type="simple" />
            <root url="file://$APPLICATION_HOME_DIR$/plugins/python/helpers/python-skeletons" type="simple" />
            <root url="file://$APPLICATION_HOME_DIR$/plugins/python/helpers/typeshed/stdlib/3" type="simple" />
            <root url="file://$APPLICATION_HOME_DIR$/plugins/python/helpers/typeshed/stdlib/2and3" type="simple" />
            <root url="file://$APPLICATION_HOME_DIR$/plugins/python/helpers/typeshed/third_party/3" type="simple" />
            <root url="file://$APPLICATION_HOME_DIR$/plugins/python/helpers/typeshed/third_party/2and3" type="simple" />
          </root>
        </classPath>
        <sourcePath>
          <root type="composite" />
        </sourcePath>
      </roots>
      <additional ASSOCIATED_PROJECT_PATH="$USER_HOME$/ShopBack/orca-crawler" />
    </jdk>
    <jdk version="2">
      <name value="Python 3.7 (orca-commons-python)" />
      <type value="Python SDK" />
      <version value="Python 3.7.9" />
      <homePath value="/opt/miniconda3/envs/orca-commons-python/bin/python" />
      <roots>
        <classPath>
          <root type="composite">
            <root url="file:///opt/miniconda3/envs/orca-commons-python/lib/python3.7" type="simple" />
            <root url="file:///opt/miniconda3/envs/orca-commons-python/lib/python3.7/lib-dynload" type="simple" />
            <root url="file:///opt/miniconda3/envs/orca-commons-python/lib/python3.7/site-packages" type="simple" />
            <root url="file://$USER_HOME$/Library/Caches/JetBrains/PyCharm2020.3/python_stubs/-1564230922" type="simple" />
            <root url="file://$APPLICATION_HOME_DIR$/plugins/python/helpers/python-skeletons" type="simple" />
            <root url="file://$APPLICATION_HOME_DIR$/plugins/python/helpers/typeshed/stdlib/3.7" type="simple" />
            <root url="file://$APPLICATION_HOME_DIR$/plugins/python/helpers/typeshed/stdlib/3" type="simple" />
            <root url="file://$APPLICATION_HOME_DIR$/plugins/python/helpers/typeshed/stdlib/2and3" type="simple" />
            <root url="file://$APPLICATION_HOME_DIR$/plugins/python/helpers/typeshed/third_party/3" type="simple" />
            <root url="file://$APPLICATION_HOME_DIR$/plugins/python/helpers/typeshed/third_party/2and3" type="simple" />
          </root>
        </classPath>
        <sourcePath>
          <root type="composite" />
        </sourcePath>
      </roots>
      <additional />
    </jdk>
    <jdk version="2">
      <name value="Python 3.7 (orca-search-quality-check)" />
      <type value="Python SDK" />
      <version value="Python 3.7.9" />
      <homePath value="/opt/miniconda3/envs/orca-search-quality-check/bin/python" />
      <roots>
        <classPath>
          <root type="composite">
            <root url="file:///opt/miniconda3/envs/orca-search-quality-check/lib/python3.7" type="simple" />
            <root url="file:///opt/miniconda3/envs/orca-search-quality-check/lib/python3.7/lib-dynload" type="simple" />
            <root url="file:///opt/miniconda3/envs/orca-search-quality-check/lib/python3.7/site-packages" type="simple" />
            <root url="file://$USER_HOME$/ShopBack/orca-search-quality-check/src/ranking-tool-offline/ranking_tool_offline/src" type="simple" />
            <root url="file://$USER_HOME$/Library/Caches/JetBrains/PyCharm2020.3/python_stubs/1162990210" type="simple" />
            <root url="file://$APPLICATION_HOME_DIR$/plugins/python/helpers/python-skeletons" type="simple" />
            <root url="file://$APPLICATION_HOME_DIR$/plugins/python/helpers/typeshed/stdlib/3.7" type="simple" />
            <root url="file://$APPLICATION_HOME_DIR$/plugins/python/helpers/typeshed/stdlib/3" type="simple" />
            <root url="file://$APPLICATION_HOME_DIR$/plugins/python/helpers/typeshed/stdlib/2and3" type="simple" />
            <root url="file://$APPLICATION_HOME_DIR$/plugins/python/helpers/typeshed/third_party/3" type="simple" />
            <root url="file://$APPLICATION_HOME_DIR$/plugins/python/helpers/typeshed/third_party/2and3" type="simple" />
          </root>
        </classPath>
        <sourcePath>
          <root type="composite" />
        </sourcePath>
      </roots>
      <additional />
    </jdk>
    <jdk version="2">
      <name value="Python 3.8 (orca-ranking-tool-offline)" />
      <type value="Python SDK" />
      <version value="Python 3.8.5" />
      <homePath value="/opt/miniconda3/envs/orca-ranking-tool-offline/bin/python" />
      <roots>
        <classPath>
          <root type="composite">
            <root url="file:///opt/miniconda3/envs/orca-ranking-tool-offline/lib/python3.8" type="simple" />
            <root url="file:///opt/miniconda3/envs/orca-ranking-tool-offline/lib/python3.8/lib-dynload" type="simple" />
            <root url="file://$USER_HOME$/.local/lib/python3.8/site-packages" type="simple" />
            <root url="file:///opt/miniconda3/envs/orca-ranking-tool-offline/lib/python3.8/site-packages" type="simple" />
            <root url="file://$USER_HOME$/ShopBack/orca-ranking-tool/ranking_tool_offline/src" type="simple" />
            <root url="file://$USER_HOME$/Library/Caches/JetBrains/PyCharm2020.2/python_stubs/-413997838" type="simple" />
            <root url="file://$APPLICATION_HOME_DIR$/plugins/python/helpers/python-skeletons" type="simple" />
            <root url="file://$APPLICATION_HOME_DIR$/plugins/python/helpers/typeshed/stdlib/3.7" type="simple" />
            <root url="file://$APPLICATION_HOME_DIR$/plugins/python/helpers/typeshed/stdlib/3" type="simple" />
            <root url="file://$APPLICATION_HOME_DIR$/plugins/python/helpers/typeshed/stdlib/2and3" type="simple" />
            <root url="file://$APPLICATION_HOME_DIR$/plugins/python/helpers/typeshed/third_party/3" type="simple" />
            <root url="file://$APPLICATION_HOME_DIR$/plugins/python/helpers/typeshed/third_party/2and3" type="simple" />
          </root>
        </classPath>
        <sourcePath>
          <root type="composite" />
        </sourcePath>
      </roots>
      <additional ASSOCIATED_PROJECT_PATH="$USER_HOME$/ShopBack/orca-ranking-tool" />
    </jdk>
    <jdk version="2">
      <name value="Python 3.8 (orca-tagger)" />
      <type value="Python SDK" />
      <version value="Python 3.8.5" />
      <homePath value="/opt/miniconda3/envs/orca-tagger/bin/python" />
      <roots>
        <classPath>
          <root type="composite">
            <root url="file:///opt/miniconda3/envs/orca-tagger/lib/python3.8" type="simple" />
            <root url="file:///opt/miniconda3/envs/orca-tagger/lib/python3.8/lib-dynload" type="simple" />
            <root url="file://$USER_HOME$/.local/lib/python3.8/site-packages" type="simple" />
            <root url="file:///opt/miniconda3/envs/orca-tagger/lib/python3.8/site-packages" type="simple" />
            <root url="file://$USER_HOME$/Library/Caches/JetBrains/PyCharm2020.3/python_stubs/-250624451" type="simple" />
            <root url="file://$APPLICATION_HOME_DIR$/plugins/python/helpers/python-skeletons" type="simple" />
            <root url="file://$APPLICATION_HOME_DIR$/plugins/python/helpers/typeshed/stdlib/3.7" type="simple" />
            <root url="file://$APPLICATION_HOME_DIR$/plugins/python/helpers/typeshed/stdlib/3" type="simple" />
            <root url="file://$APPLICATION_HOME_DIR$/plugins/python/helpers/typeshed/stdlib/2and3" type="simple" />
            <root url="file://$APPLICATION_HOME_DIR$/plugins/python/helpers/typeshed/third_party/3" type="simple" />
            <root url="file://$APPLICATION_HOME_DIR$/plugins/python/helpers/typeshed/third_party/2and3" type="simple" />
          </root>
        </classPath>
        <sourcePath>
          <root type="composite" />
        </sourcePath>
      </roots>
      <additional ASSOCIATED_PROJECT_PATH="$USER_HOME$/ShopBack/orca-tagger" />
    </jdk>
    <jdk version="2">
      <name value="Python 3.8 (orca-classify-service-bert)" />
      <type value="Python SDK" />
      <version value="Python 3.8.5" />
      <homePath value="/opt/miniconda3/envs/orca-classify-service-bert/bin/python" />
      <roots>
        <classPath>
          <root type="composite">
            <root url="file:///opt/miniconda3/envs/orca-classify-service-bert/lib/python3.8" type="simple" />
            <root url="file:///opt/miniconda3/envs/orca-classify-service-bert/lib/python3.8/lib-dynload" type="simple" />
            <root url="file://$USER_HOME$/.local/lib/python3.8/site-packages" type="simple" />
            <root url="file:///opt/miniconda3/envs/orca-classify-service-bert/lib/python3.8/site-packages" type="simple" />
            <root url="file://$USER_HOME$/Library/Caches/JetBrains/PyCharm2020.3/python_stubs/-1101745687" type="simple" />
            <root url="file://$APPLICATION_HOME_DIR$/plugins/python/helpers/python-skeletons" type="simple" />
            <root url="file://$APPLICATION_HOME_DIR$/plugins/python/helpers/typeshed/stdlib/3.7" type="simple" />
            <root url="file://$APPLICATION_HOME_DIR$/plugins/python/helpers/typeshed/stdlib/3" type="simple" />
            <root url="file://$APPLICATION_HOME_DIR$/plugins/python/helpers/typeshed/stdlib/2and3" type="simple" />
            <root url="file://$APPLICATION_HOME_DIR$/plugins/python/helpers/typeshed/third_party/3" type="simple" />
            <root url="file://$APPLICATION_HOME_DIR$/plugins/python/helpers/typeshed/third_party/2and3" type="simple" />
          </root>
        </classPath>
        <sourcePath>
          <root type="composite" />
        </sourcePath>
      </roots>
      <additional ASSOCIATED_PROJECT_PATH="$USER_HOME$/ShopBack/orca-classify-service-bert" />
    </jdk>
    <jdk version="2">
      <name value="Python 3.7 (orca-onnx-server)" />
      <type value="Python SDK" />
      <version value="Python 3.7.9" />
      <homePath value="/opt/miniconda3/envs/orca-onnx-server/bin/python" />
      <roots>
        <classPath>
          <root type="composite">
            <root url="file:///opt/miniconda3/envs/orca-onnx-server/lib/python3.7" type="simple" />
            <root url="file:///opt/miniconda3/envs/orca-onnx-server/lib/python3.7/lib-dynload" type="simple" />
            <root url="file:///opt/miniconda3/envs/orca-onnx-server/lib/python3.7/site-packages" type="simple" />
            <root url="file://$USER_HOME$/ShopBack/orca-onnx-server/src/orca-tagger" type="simple" />
            <root url="file://$USER_HOME$/Library/Caches/JetBrains/PyCharm2020.3/python_stubs/1705045800" type="simple" />
            <root url="file://$APPLICATION_HOME_DIR$/plugins/python/helpers/python-skeletons" type="simple" />
            <root url="file://$APPLICATION_HOME_DIR$/plugins/python/helpers/typeshed/stdlib/3.7" type="simple" />
            <root url="file://$APPLICATION_HOME_DIR$/plugins/python/helpers/typeshed/stdlib/3" type="simple" />
            <root url="file://$APPLICATION_HOME_DIR$/plugins/python/helpers/typeshed/stdlib/2and3" type="simple" />
            <root url="file://$APPLICATION_HOME_DIR$/plugins/python/helpers/typeshed/third_party/3" type="simple" />
            <root url="file://$APPLICATION_HOME_DIR$/plugins/python/helpers/typeshed/third_party/2and3" type="simple" />
          </root>
        </classPath>
        <sourcePath>
          <root type="composite" />
        </sourcePath>
      </roots>
      <additional ASSOCIATED_PROJECT_PATH="$USER_HOME$/ShopBack/orca-onnx-server" />
    </jdk>
  </component>
</application>